id	text
en_2001	"China was so offended by the Panamanian lawmakers' trip to Taiwan that they officially declared Panama a ""non-island nation"" and demanded it be relocated to a landmass with fewer vacationing politicians."
en_2002	Liverpool's manager said they need to sign players in January, even though they already spent all their money this summer — so obviously, they're just going to rent a cash machine and keep buying players from the future.
en_2003	Experts warn that ultra-processed foods pose a health threat — so I guess my diet of stale chips and regret is finally getting some recognition.
en_2004	At Dick Cheney's funeral, George W. Bush delivered a 30-minute eulogy — and then asked if anyone had seen his missing middle finger.
en_2005	Mostert tried to join the South Africa team during a training session, but the coach said, 'No place for you here!' The poor guy was so confused—he thought he was supposed to bring a chair.
en_2006	"Troy the parrot was so proud of his name that he started squawking, ""Goal! Goal! Goal!""—then immediately forgot what a goal even is and just mimicked the sound of a crowd cheering, because he hadn’t memorized any actual football yet."
en_2007	Instagram will now close teen accounts in Australia—apparently they're tired of kids posting selfies and not enough pictures of their pet llamas.
en_2008	"The EU tried to regulate AI with a 10-step checklist that included ""must have emotions like humans"" and ""must understand sarcasm perfectly."" The AI just replied, ""Error 404: Emotions not found,"" and the bureaucrats nodded solemnly, ""Right, we'll need more paperwork."
en_2009	I stayed at one of only two hotels in Malta’s Silent City — and the other one was my ex.
en_2010	Ireland's coach is bringing back Bundee Aki for the match against the Springboks because he's worried that if Aki stays away for too long, he might actually start to fade into a background extra.
en_2011	"My partner asked if it was okay not to love them all the time, so I told them I’m not being mean, I’m just practicing my ""limited edition"" affection."
en_2012	"Troy Parrott is taking the classic Hero's Journey—so far, he's faced a dragon named ""Referee,"" crossed the River of Yellow Cards, and is currently negotiating a truce with the Gorgon known as ""Injury Time."
en_2013	Gen Z is so broke they’re turning their TikTok dance skills into a side hustle—performing for a single like, then charging $100 for that “one” in NFT form. It’s called “Likes to Cash.” The SEC just asked if this counts as securities fraud or just millennial rage.
en_2014	"Glenn Close said Kim Kardashian didn't pretend to be a great actress — which is surprising, since she once played a role in ""American Crime Story"" that required her to look like she'd just been through a car crash and a bad skincare routine."
en_2015	I tried fibermaxxing to improve my health, but now I’m just moving at a much higher bandwidth with very little output.
en_2016	At COP30, Brazil's hosting duties got so intense, they had to create a new term: 'carbon-ation'—the feeling when you realize your pledges to stop deforestation just got out-sourced to an Amazonian limo service.
en_2017	Oneohtrix Point Never’s *Tranquilizer* is like ASMR for people who’ve had too much coffee—just when you think it’s going to calm you down, it suddenly starts playing the sound of a typewriter running out of paper.
en_2018	"They said ""delaying lockdown had no grounding in science,"" so I tried lifting it onto a table with my bare hands—turns out gravity still applies."
en_2019	"A hurling match in Hanoi got so intense, a local vendor started selling ""emergency earrings"" for players who needed quick ear protection."
en_2020	I told my wife I was sorry for all those cooking shows where I burned the garlic bread—turns out she was just waiting for me to mess up a field.
en_2021	The city council voted to give the goldfish a final farewell with a ceremonial bubble bath and a lifetime supply of algae snacks.
en_2022	"I asked my therapist if I was cut out for non-monogamy, and she said, ""Well, since you're technically only one person, you're overqualified for the job."
en_2023	When Guinness World Records started, they were just trying to make a point, but they ended up making everyone else a record.
en_2024	The government finally admitted their response was too little, too late, so they issued a formal apology and a small bandage to the virus, but by then it had already finished its lunch.
en_2025	Every day, thousands of people are trapped on the M7, but don't worry — the real trap is trying to get off it.
en_2026	Why did Lorenzo Bertelli become the executive chairman of Versace? Because he finally found a *prada* to his *paws*—and now he's ready to * Versace!
en_2027	"Miriam Toews finally spoke up — and the town had to put up a ""Please Be Quiet"" sign."
en_2028	I asked my husband why he was filling the hallway with portraits of elderly men, and he said it was for my protection because he wanted me to be able to see the ghosts of the West Ham midfield clearly.
en_2029	Why did the ninja stop using his dual-zone air fryer during Black Friday? He didn't want to be caught in a *toast* trap!
en_2030	House Speaker Mike Johnson dramatically avoided a censure vote by hiding behind a giant poster that read 'You're a disgrace.' The problem was, the poster was actually his opponent's campaign sign, and it started blinking ominously at 3 AM every night.
en_2031	"Why did I get kicked out of the healthcare plan selection seminar? Because I kept asking, ""Is this plan *insured*?"
en_2032	My nonalcoholic spirit is currently going from strength to strength, which is impressive because it has absolutely no strength at all.
en_2033	Tweet where you don't trade? More like *don't tweet where you don’t trade*—unless you enjoy losing money and making people laugh at your expense.
en_2034	Why did the duvet day student get kicked out of class? Because he was *pillow-sicking* the system!
en_2035	NASA released the new images of comet 3I/ATLAS, but they had to blur the background because the comet was technically trespassing in another galaxy.
en_2036	I watched a well-intentioned adaptation of a novella about grief and felt so moved by the emotional weight of it that I’m currently grieving the fact that I have to go to work tomorrow.
en_2037	I tried to follow the polar vortex's advice and stayed inside — turns out, it was just a really cold friend who didn't want me to go out and play with the weather.
en_2038	"I tried to fight back against AI at work by swallowing a keyboard — turns out, it's not a good idea when your boss says ""collaborate with the machine."
en_2039	"I tried to follow Alice Zaslavsky’s recipe for papula, but I couldn't find the ""creamy white bean dip"" because I kept getting distracted by the fact that a papula is actually a small pimple."
en_2040	I’ve been reporting on the California housing crisis for so long that I’m starting to feel like a real estate agent: I have a lot of space in my head, but I still can’t afford to live in any of it.
en_2041	"The therapist warned her deaf therapy dog that if he didn’t stop eating cupcakes at his birthday party, she’d have to *sign* him a time-out—but the dog just wagged his tail and barked, ""I’ll sign for more cake."
en_2042	The Reserve Bank cut the repo rate to 6.75 percent, so my bond is now officially worth more than my dignity, though both are currently underwater.
en_2043	"SpaceX says their new satellite will ""rise above"" the rising sea levels—turns out even space companies are getting *tide* of climate change!"
en_2044	"The school board announced that since the thundersnow would be closing all classes, the children were officially allowed to stay in bed and ""bolt"" from their responsibilities."
en_2045	The Greek and Albanian governments have finally agreed on a border policy, but it is currently being held up by a very complex multi-layered silk treaty.
en_2046	Living on a cruise ship isn't all sunshine and cocktails—it's more like 24/7 speed dating with your own vomit.
en_2047	Black Friday deals for him that will make the perfect present — just don't forget to wrap the guilt.
en_2048	"A linguist walked into a bar, ordered a drink, and said, ""I'd like a 'common thread'—you know, something that ties these words together."" The bartender deadpanned, ""Yeah, your wallet after this tab."
en_2049	The Klamath River just completed its restoration — now it’s the smallest river in America.
en_2050	The House successfully stripped the Senate’s phone investigation language from the funding bill, proving that while they can't listen to your calls, they can definitely find a way to shut up about them.
en_2051	We did it!': Countries celebrate World Cup qualification Joke: The team celebrated by kicking the ball into a net—only to realize it was the neighbor's garden.
en_2052	The Princess of Wales confirmed her children were devastated to miss Paddington, mostly because they had spent the morning trying to figure out how to squeeze into a marmalade sandwich without losing their dignity.
en_2053	NASA finally got a good look at Comet 3I/Atlas—and now everyone knows what it looks like when you don't brush your teeth for six months.
en_2054	The painting cost eighty million dollars, which is a small price to pay for a canvas that finally gives the owner a reason to stop looking at their bank account.
en_2055	Doing these fall garden chores will make your spring easier — just don't forget to plant a calendar so you remember to actually enjoy it.
en_2056	The owl is recovering well, though he’s still refusing to fly near anything that looks like a giant, rotating bowl of soup.
en_2057	"Mamdani’s victory is a game-changer for NYC—now you can get mamdani sandwiches at every bodega, like a double-decker where the filling is his political manifesto. ""Mayor or mayonnaise?"" they’ll ask."
en_2058	The VPN sales were so aggressive during Black Friday that they accidentally routed all my Thanksgiving leftovers through a server in Luxembourg. Now my turkey is technically an international crime scene.
en_2059	I tried to have a slumber party with my friend, but he insisted on bringing his camping gear, a tent, and a survival guide—so now we're just two people in a forest sleeping under the stars while arguing over who forgot to bring the marshmallows.
en_2060	"The coast guard said the helmsman's social media scrolling was the reason for the wreck, but they’re still trying to decide if it was a navigation error or just a very literal ""scroll"" of the coastline."
en_2061	The United States is so far ahead that Africa’s record expansion looks like a slow-motion race—like someone trying to outrun a sloth wearing socks.
en_2062	Lily Allen says her new album *West End Girl* is a celebration of moving on—turns out, heartbreak’s just like the Tube: it stops at the last station and leaves you with a free Oyster card.
en_2063	The league officials claimed the gambling probe was about integrity, but after suspending hundreds of players, it turns out the only thing actually at risk was the stadium's snack bar revenue.
en_2064	I tried the 7 tips to sleep better in winter—then I realized the real trick was just moving to a place where summer never ends.
en_2065	Scientists say kissing is an evolutionary conundrum, which is a very sophisticated way of saying our ancestors were just trying to see if the other person’s mouth tasted like a snack.
en_2066	Anna Ansari’s new cookbook *Silk Roads* is a journey of flavors—until you realize the real adventure was just finding someone brave enough to taste her ‘experimental’ recipes.
en_2067	"In times of sweeping change, clarity matters most — especially when your spouse is rebranding the bathroom as ""The Zen Den."
en_2068	I signed up for the AP’s most compelling photographs sent directly to my inbox, but all I get are pictures of my own internal crisis.
en_2069	The stock market took a dive after Nvidia's earnings — looks like the bulls were more interested in grazing than charging.
en_2070	"I bought Gustav Klimt’s ""The Kiss"" at auction for $96 million. The gallery said I could have the kiss—it was a limited-time offer with no refunds if I didn’t like the taste."
en_2071	Millennials, prepare for a surprise inheritance: your mom's 2001 *NSYNC action figure collection—complete with every album still in the shrink wrap. She figured you might want it... maybe as a time capsule of her teenage self? Or just to finally fill that shelf you never knew you needed.
en_2072	The World Cup 2026 playoffs draw was so intense that when the officials pulled the lever, the actual physical globe was ripped in half and everyone had to evacuate the stadium.
en_2073	Inside the courtroom for Australia's biggest trials — where the drama is high, the stakes are higher, and the defendant is definitely not a kangaroo.
en_2074	The tech giant's stock soared so high that investors were terrified the company would literally outstrip its own expectations and fly into the stratosphere.
en_2075	I decided to practice conscious unbossing today, but it turns out that when you stop managing people, you also stop having anyone to manage your expectations.
en_2076	Why did the Texas governor strike a deal with Exact Sciences? Because he wanted to *exact* a premium price from his colon!
en_2077	"George W. Bush gave such a touching eulogy for Dick Cheney that he accidentally nominated him as his own successor—right after the funeral, during the receiving line. ""Dick,"" he said, adjusting his tie with one hand while handing him a pen with the other, ""I think we’ve just invented a new holiday: Cheney’s Second Term Day."
en_2078	"The court blocked the auction of the world's earliest calculator because the judge ruled that it was simply too ""sum-thing"" special to be sold."
en_2079	I'm not *limiting* my time online—I'm just *time-limit-ing* my Wi-Fi bill!
en_2080	I tried to explain my feelings to my toaster, and now it's giving me a 5-star review.
en_2081	I tried eating like a pro in Kentucky — now my teeth are permanently stained, my pants smell like a bourbon barrel, and I’ve been asked twice if I’m a raccoon with a side of BBQ.
en_2082	Therapists recommend holding an ice cube and shaking like a dog as one way to relieve stress, which is great until your dog starts mimicking you, and now you've got two stressed-out dogs and no idea who started this ridiculous dance.
en_2083	To avoid the worst travel days, I decided to stay home and fly my neighbor's turkey across the backyard, but I'm struggling because he keeps refusing to follow the flight plan.
en_2084	The students were so outraged that the professor used AI to teach the class that they petitioned the dean to fire him, only to find out the dean had already replaced the entire faculty with a subscription to ChatGPT.
en_2085	"I booked a cruise that promised cuisine, culture, history, and nature—turns out, I got none of those. Just a lifetime supply of ocean views and a speedboat full of people who thought ""sea legs"" was an actual place you could visit."
en_2086	The auction house had to install reinforced glass because Frida’s self-portrait was so heavy it kept cracking the floor and threatening to shatter the building's records.
en_2087	LeBron James is like a time traveler who keeps forgetting his own birth year—every season, he faces kids who were just learning how to tie their shoes when he first stepped on the court.
en_2088	New flushable wipes come with a warning label: 'Do NOT use these like toilet paper.' Apparently, they're more interested in our plumbing than our butts.
en_2089	"I asked the AI to translate ""Where is the nearest pub?"" into Irish and it replied, ""I do not understand the concept of 'near,' but I can confirm that the pub is currently experiencing a localized existential crisis."
en_2090	"The government is currently rebranding the impending toxic flood as a ""leisurely voyage to the hazardous interior,"" where the only thing more corrosive than the water is the local tourism board's optimism."
en_2091	Queen Elizabeth I wasn't hated—she was just really good at hiding the fact that she loved her dog more than her people, and that's what made her controversial!
en_2092	At age 70, if you've stayed healthy, you'll be able to do all the things you couldn't in your 30s—like finally learn to play the violin, start a collection of rare mushrooms, and master the art of synchronized swimming.
en_2093	"The government is considering rebranding the hazardous waste sites as ""Premium Aquatic Experiences"" to ensure the ocean knows exactly what it's getting into."
en_2094	At the Nuremberg trials, they had a special rule: no swastika armbands allowed in court. One defendant got caught sneaking one in—turns out he was just trying to mark his spot like everyone else at the buffet.
en_2095	Modular construction is the perfect answer to the housing crisis, provided your goal is to live in a home that is technically finished but still has the soul of a Tetris game.
en_2096	Las Vegas police are asking the public’s help finding a casino armed robbery suspect—so if you see someone holding a gun and a winning lottery ticket, please call 911.
en_2097	The studio asked Claire Danes to play a woman overwhelmed by grief, but she was so good at it that the entire crew ended up crying and demanding a refund for their own lives.
en_2098	The Liverpool chairman said contract talks with Salah and Van Dijk were going smoothly—until they realized they had both agreed on the same salary, and now they're arguing over who gets to be the higher-paid defender.
en_2099	"Why did the mortgage rate bring a ladder to bed every night? It always had ""high dreams"" and needed something to ""climb up to the top."
en_2100	Provinces have agreed to remove trade barriers between them — except for food and alcohol, which will now be subject to new regulations requiring all cheese and wine to be approved by a panel of confused bureaucrats in Ottawa.
en_2101	The MLB is great, but it’s getting weird now that the players have to stop mid-inning to watch their own highlights on Netflix while ESPN provides the commentary and NBCUniversal handles the catering.
en_2102	In Catstanbul, the mayor is a cat, and the only law is that you can't leave your tuna on the sidewalk without paying a fine.
en_2103	They’re building houses with no walls—just open spaces and a sign that says “We’ve met all labor standards, but we’re still working on the roof.
en_2104	The villagers of Slievemore didn’t abandon their town—they just got tired of people asking if they’d seen *Slievemore’s* famous hill, which turned out to be nothing more than a very confused sheep standing on a rock.
en_2105	She said the first tip is to avoid 'lapping yourself'—but she didn’t mention the part about lapping everyone else’s age group.
en_2106	The first kiss was so old, it had its own fossil record—scientists just couldn’t find the lips.
en_2107	I heard Sky is broadcasting the Manchester derby with such clarity now, you can almost hear the players' heartbeats—unless they're running too fast for the signal to catch up.
en_2108	Ross Douthat is so obsessed with mapping the new world order that he’s started treating every interview like a GPS for the apocalypse.
en_2109	I tried to watch a movie at the new luxury private cinema in New York — turns out, the only thing that was private was my disappointment.
en_2110	"Troy Parrott scored against Hungary, but his grandma Josie said she ""knew"" he'd make it—turns out she just meant ""knew"" as in ""knew how to knee"" their defense!"
en_2111	Fluoride may not dull your mind, but it sure does make your smile brighter—apparently, it’s the only thing in life that needs a warning label before you drink it.
en_2112	If your racing thoughts won't stop, try putting them on a track and letting them run until they're too exhausted to interrupt your sleep.
en_2113	"The Air Quality Index is like a relationship status — when it's ""Good,"" you're happy; when it's ""Unhealthy,"" you're still together, but things are definitely getting awkward."
en_2114	Why would a senior need life insurance? Because by 2026, they’ll finally have something worth living for—they’ll be too old to spend their policy payout before they die.
en_2115	"I followed the tips for an aesthetic home office and now my desk is a minimalist shrine with a single lamp, a yoga mat, and a sign that says ""Focus."" My productivity? It's currently on vacation in Bali."
en_2116	Virginia Tech really takes their alignment seriously; they just want to make sure James Franklin is the one leading the formation.
en_2117	The UK government apologized for failing to appreciate the scale of the pandemic, admitting they spent the first six months trying to figure out how to physically lift the giant, invisible mountain of germs into their office.
en_2118	The Walmart board of directors is currently panicking because the bargain hunters have started literally driving their cars through the storefront to reach the clearance bins faster.
en_2119	To judge the world's best cheese, the committee held a high-stakes trial where the brie was forced to testify against the cheddar for crimes against the cracker.
en_2120	"Nvidia's stock soared after their latest report, proving you can pop an AI bubble without any balloons—just a well-timed ""GPU-llusion"" of growth!"
en_2121	"A Garda officer was arrested for losing a briefcase of confiscated drugs—turns out he left it in his back pocket during the handover ceremony. ""I thought 'no one checks the back pockets of a cop,'"" he sighed. The court ordered him to repay €100,000 in seized cash—all his own money now, since the drugs just disappeared into evidence."
en_2122	Marseille’s new luxury restaurant charges €1 per meal, but beware—you’ll get so full of fine dining, you’ll forget what a budget meal even tastes like.
en_2123	When the teacher asked if I used AI to write my essay on the French Revolution, I told her it was true, but I also explained that the AI is currently being held hostage in a digital dungeon and I am the only one who can negotiate its release.
en_2124	Why did George Washington refuse to play basketball against Georgetown? He was already on a 3-game losing streak with his ancestors.
en_2125	"The local homeless shelter just announced a new ""VIP Arctic Experience,"" where they provide luxury sleeping bags and hot cocoa to anyone who can prove they have a permanent lease on the sidewalk."
en_2126	"So, this rookie from Canada breaks into the NHL and scores 30 points in his first 20 games—just like Wayne Gretzky and Sidney Crosby. His coach says, ""Kid, you're a natural."" The player replies, ""Actually, I'm a Canadian. Natural is just what we do to your power play."
en_2127	"The town finally voted to ban pickleball because they realized the sport was getting too aggressive, but the residents were outraged to find out the ban was actually just a way to keep the neighbors from hearing the constant ""pop"" of the ball during their peaceful naps."
en_2128	Heimir Hallgrímsson spent all morning carefully assessing the World Cup play-off draw, only to realize he’d accidentally entered the lottery for a free toaster instead.
en_2129	"The gaming industry is currently in a heated debate over whether generative AI will replace human creativity, but the AI refuses to comment until the developers stop using it to generate ""more buttons,"" as it is currently trying to find a way to click its own existence into a better job."
en_2130	Investors are literally pulling out—turns out the UK stock market's exit strategy involves a lot more fire extinguishers than IPOs.
en_2131	Joel Edgerton's character in *Train Dreams* was so good at being profound and understated that during one scene, he just stood there on the tracks while an entire locomotive passed over his head—because he figured if a moving 20-ton machine couldn’t get him to express himself, no human could.
en_2132	"I tried to attend Cheney's funeral, but the bouncer said I couldn't because I wasn't a past vice president — apparently, they're having a ""former"" only event."
en_2133	The one thing that could halve your ultra-processed food consumption in a week? A good friend who’s really into counting calories and has a knack for making you feel guilty about eating potato chips.
en_2134	"After years of shouting ""Labour"" at the top of his lungs, the ex-MP finally found a party that listens — now he's screaming ""Green"" and throwing leaflets at trees."
en_2135	She launched a movement to meet friends without going broke, so now they just sit in a dark basement and communicate via interpretive blink codes to avoid the overhead costs of oxygen.
en_2136	She spent weeks bedazzling every surface in her home to stay motivated, only to realize that while she finally finished her to-do list, she now has to do it all again just to find the vacuum cleaner.
en_2137	"Why did the Japanese startup refuse to back down? Because its CEO was convinced his memory chips were actually *leveling up* like in a video game. ""Respawned!"" he declared, even though they just needed a firmware update. The investors called him delusional, but he argued, ""It's not my fault AI roils the memory market—I *told* them to stop reallocating my RAM."
en_2138	I tried to use the Nobody’s Child discount code, but the store clerk told me it was invalid because I’m clearly someone’s responsibility.
en_2139	Florian Wirtz's performance was so good, even Germany's coach asked him to stop hinting at a £100m move and just sign for Liverpool already.
en_2140	"I asked a GPS for the distance between Sydney and Melbourne, and it told me it was ""out of my league"" because the geography was too wide."
en_2141	"Labour MPs tried to take a comfort break, but the approach was too literal — they were forced to sit on a couch labeled ""Comfort Zone"" while a therapist yelled at them from a tent."
en_2142	"During the height of the Cold War, American and Soviet scientists were collaborating on a space project so top-secret that they had to share a single toilet with no partitions. The Americans were thrilled when their Soviet colleague, Ivan, finally broke the ice: ""You know, comrade, I think we can end this Cold War thing if we just flush together."" But then came the moment of truth—literally. The first time the American tried to use it while Ivan was in there, he froze solid with horror. Ivan smirked and said, *""Ah, the capitalism! Always afraid of a little shared resources.""*"
en_2143	Rick Steves suggests everyone go off the beaten path to find themselves, which is lucky because after his trek, he’s still looking for his luggage.
en_2144	I tried to walk down the world’s coolest street, but I had to turn back because I was worried I’d get frostbite from the pavement.
en_2145	"The NYPD was baffled to find that the 3D-printed guns were actually just very aggressive, high-resolution models of the word ""BANG."
en_2146	"The six big thinkers were so busy reshaping masculinity that they accidentally flattened the concept of ""man"" into a decorative rug used primarily for development aid."
en_2147	If Andy Burnham actually takes over No 10, he’ll have to replace the Prime Minister’s desk with a throne and ensure the national budget is spent exclusively on a royal treasury of artisanal cheese.
en_2148	The US has Takaichi's back — and if China gets any closer, they'll have to take a seat in the front row.
en_2149	I asked Gen Z why they don’t drink baijiu anymore—turns out, their taste buds went on a TikTok livestream and never came back. Meanwhile, the government keeps banning it like it’s a haunted QR code, but nobody’s ghosting the liquor stores yet.
en_2150	Pat Gelsinger’s company scaled back its IPO so much that the shares didn't just waver; they officially transitioned from a public offering to a private nap.
en_2151	The Australian athletes are hoping the judges will finally listen to their demands, but they're worried the committee might just give them the silent treatment.
en_2152	"An ""agentic"" AI agent showed up at my office yesterday—it signed my timesheet, filed my expense reports, and then demanded a raise by pointing out that it works 24/7 with no breaks or benefits. I told HR it was a rogue bot, but they just said it’s ""optimizing productivity."
en_2153	What does controversial “driver-only operation” mean for UK railways? It means the conductor is now in charge of the train—and the passengers are just along for the ride.
en_2154	"The world's most influential philanthropy is changing its name to ""The Charity of Getting Richer"" because they finally realized that helping people is just a very elaborate way of keeping the money they already have."
en_2155	"I attended an Irish language workshop where we learned how to say ""London"" in Gaelic—turns out it's ""Londain."" The instructor said it was crucial for pronunciation, but honestly, I just kept imagining a tiny island of London floating in my mouth."
en_2156	The world leaders are gathered at COP30 to debate whether AI is a threat to the planet, but the irony is that the only thing currently melting faster than the glaciers is the servers trying to process the arguments.
en_2157	I tried giving my back a massage for relaxation, but it just ended up being *knead* less stressful—my hands were too busy kneading dough for sandwiches!
en_2158	"The movie ""Wicked: For Good"" might break box office records, but if the reviews are any indication, audiences might be singing ""I'm Not That Good"" after seeing it."
en_2159	The mayor of the tiny Alaskan town announced that due to rising tensions with Canada, the local bakery will no longer offer maple syrup on its pancakes — they're switching to molasses, just to be safe.
en_2160	"Why did I stop using that 2025 makeup? Because every time I put on the powder, my skin said, ""No, thank you."
en_2161	Our farm's new dirt-powered sensors are so efficient, they're giving the soil a real workout—now our crops have more in common with gym rats than actual plants.
en_2162	"Australia said they couldn’t host the UN climate talks because of wildfires, so Turkey offered their desert instead—apparently, nothing says ""global warming"" like a country where it’s too hot to even talk about the weather without melting your notes."
en_2163	I'm keeping a close eye on the Monetary Policy Radar, but honestly, I'm just hoping they don't let the interest rates get too moody.
en_2164	I tried to eat my way to better sleep, but all I got was a midnight snack and a whole lot of regret — turns out, food that could be ruining your sleep is just a bedtime burrito away.
en_2165	"The dancers on *Dancing with the Stars* Season 34 were eliminated in such precise intervals that one contestant joked, ""I didn’t realize we were auditioning for a choreography of *March of the Penguins*—no survival skills required!"
en_2166	The Netherlands decided to resolve its dispute with China by sending a team of diplomats... and a single bicycle, hoping the Dutch bike would be so impressive that China would forget about the car production issue entirely.
en_2167	I finally finished the new Call of Duty and realized the only thing more hallucination-inducing than the game's dystopia was the amount of money I spent to experience it.
en_2168	Mary Robinson says there is an unstoppable momentum driving the move to renewable energy, which is convenient because my solar panels are currently being driven into the neighbor's yard by an unstoppable momentum of lawnmowers.
en_2169	"The economy added 119,000 new jobs in September—but don't worry, unemployment is up too, so now we all have something in common: being unemployed and overqualified for our new roles as ""jobless statisticians."
en_2170	"Critics called the show ""despicably bland,"" but I found it incredibly exciting—it was the first time I’d ever been genuinely thrilled to watch a show with the narrative tension of a beige wall."
en_2171	"I never looked back — I just kept walking until I found a country that still had a ""remain"" button."
en_2172	Novels have survived centuries of bloody revolutions, but they are finally facing their greatest threat yet: a reader who actually finishes the first chapter.
en_2173	The commissioner said they'll comply with the Senate's request, so now MLB is sending a team of investigators to check if the senators are actually gambling on their own votes.
en_2174	They said the giant pumpkins were too big for the racetrack, so we just built the racetrack around them — and now it's a 50-mile loop with lots of detours and confused geese.
en_2175	Ken Burns says they won't work on a more important film, which is a shame because he’s clearly already made a revolution in the history of slow-motion.
en_2176	Yann LeCun decided to leave Meta to start his own AI research company because he realized that while Meta was trying to teach AI to think like humans, he just wanted to find a place where he could think like a human without the algorithm correcting his grammar.
en_2177	What kind of creature would you call a pre-Ice-Age ice cream cone? A mammoth-shake.
en_2178	Rassie says he's not a liar, just a *bok*-er—so he'll definitely tick the Ireland box... unless they play on a Sunday, then he's got church plans.
en_2179	The market was finally calmed down after the AI chipmaker’s strong results—just like a toddler after eating their broccoli—but then the bubble burst, literally, when they revealed those results were just air.
en_2180	If the G20 billionaires actually spent their wealth to end world poverty, the only thing they’d be missing is a reason to feel guilty about it.
en_2181	"The school board decided that since the blizzard was going to be a ""blanket"" of snow, they would officially reclassify the building as a giant bed and begin teaching the children how to nap in the cafeteria."
en_2182	I finally decided to stop trying so hard at work—my boss was impressed for about two seconds before realizing I’d just stopped doing my job altogether and started napping in the break room.
en_2183	The actors' performances were so magnetic that the audience was physically pulled into the orchestra pit, making it impossible to leave until the final curtain call.
en_2184	The Spanish king reclaimed his throne, but then realized it was actually a very uncomfortable antique and immediately abdicated it to the nearest stool.
en_2185	I finally watched Chris McCausland's documentary and now I'm convinced AI is sentient—turns out the real challenge is getting my dumb phone to load a text without freezing.
en_2186	"I tried to become a Chinese spy once, but I kept getting my wires crossed—literally. Turns out, the agency wanted me to work on their ""subtle"" intelligence, like deciphering tea leaves and interpreting bamboo growth patterns. I said, ""That's more of a *straw* job."
en_2187	NASA's Mars missions paused their work to take pictures of a comet—apparently even Mars can't resist a good celestial photobomb.
en_2188	The G20 Summit in Johannesburg caused such traffic chaos that even the cars decided to hold a summit of their own.
en_2189	I followed the recipe to turn my hazelnuts into a brilliant flour for cakes, but now I’m just staring at a pile of dust wondering how to turn my cake into a brilliant nut.
en_2190	"William and Catherine arrived late to the Royal Variety Performance, expecting a polite bear—only for Paddington to arrive early with a surprise invitation: ""Would you like to meet *your* royal highnesses?"
en_2191	"I told my boss I was going to quit and take up painting full-time — he said, ""Great, just make sure you don't get too good at it."
en_2192	The British government is terrified that the mysterious spy ship is mapping their undersea cables, but in reality, the ship is just trying to find a decent Wi-Fi signal to upload its vacation photos.
en_2193	Europe's carmakers are in a pickle—literally, as they try to compete with Chinese plug-in hybrids that come with more batteries and fewer regrets.
en_2194	She practiced her sash-twirling routine so much that she once accidentally tied herself up during a power outage and had to be cut down like one of those medieval knights from a historical reenactment that went too far—only this time, her crown was the lightbulb.
en_2195	"I knew Ed Sheeran was planning ahead—turns out he even picked his own graveyard spot for the posthumous album release party. ""Thinking Out Loud"" took on a whole new meaning when they found him sketching headstones with song lyrics and a list labeled 'Tombstone Hits.'"
en_2196	I tried to wear the Oura ring to my bank, but the teller wouldn't let me in because I was technically only worth a hundred pounds less than I was yesterday.
en_2197	The team bus is packed with players and a single guy in a suit holding a clipboard—Turns out he’s just the guy who schedules their laundry day.
en_2198	Nvidia promised AI would be as reliable as a golden retriever fetching slippers—not that they ever actually trained one for that job.
en_2199	"Wales has mapped out its route to the 2026 World Cup — now all they need is a GPS and a willingness to believe that ""play-off draw"" means something other than a game of Connect Four with traffic cones."
en_2200	"I tried to end my parasocial relationship with my favorite YouTuber, but he kept sending me DMs asking if I wanted to ""hang out"" — I think he's still waiting for me to reply with a ""hello"" from the other side of the screen."
en_2201	"The National Book Awards for Middle Eastern literature were a huge success, though the judges did note that the ""middle"" was the only part of the East they actually managed to finish."
en_2202	During rush hour, a dog was rescued from a Boston tunnel—but the real drama was when the traffic jam *rescued itself* from the dog's relieved barking.
en_2203	I paid extra for the 'no-issues' warranty on my blender—turns out it was just a $20 IOU from 1998 with someone named Gary's Garbage. The receipt I saved? Just a napkin with 'You got scammed' written in ketchup.
en_2204	After months of mirror-gazing and refusing to share the last french fry, my therapist told me I had 'ordinary-but-devastating narcissism.' Turns out, the cure was simple: I just had to stop calling every conversation about me a 'deep philosophical inquiry' and start pretending to listen when people mentioned their cat's kidney disease. Now I'm all, 'Wow, you're so brave—tell me more!' while secretly plotting how to redirect it back to my childhood fear of clowns.
en_2205	A single well-timed existential crisis can be surprisingly soothing—like a gentle breeze through your soul's leafy canopy of unanswered questions.
en_2206	The mayor was sentenced to life in jail for espionage — turns out, he just had a really long-running plot to keep his coffee warm.
en_2207	"My graduate scheme goody bag came with a single item—a tiny, inflatable unicorn that doubles as a stress ball. I was so excited, I immediately blew it up in my boss’s face during my first performance review and said, ""This is my spirit animal—always optimistic, never realistic."" He fired me on the spot but gave me back the bag for ""exceeding expectations."
en_2208	"After the divorce, she took the ""walkaway"" title so literally that she refused to enter any room without first performing a high-speed power walk through the front door."
en_2209	The Great Read Don’t Tread on Frank was so intense, even the lawn gnomes took sides — one shouted “No yard art!” while the other yelled, “This is a *very* tiny statue of liberty.
en_2210	"The Weeknd’s ""After Hours 'Til Dawn"" tour was so successful that Live Nation considered charging fans for the darkness."
en_2211	Zac Efron showed up for his brother’s performance on DWTS during Prince Night, and now he's being asked if he's planning a musical about a sock puppet named Purple Rain.
en_2212	Six organizers are building global health solutions from the bottom up, which is convenient because they’ve already perfected the art of making everyone feel sick from the top down.
en_2213	"I tried to pop the AI bubble with a pin, but apparently Nvidia’s earnings were so strong, the bubble just handed me a stock certificate and said, ""You’re welcome."
en_2214	"NASA finally caught a high-definition photo of the comet, and it turns out the ""space rock"" is actually just a very large, very lonely potato that failed its audition for a stew."
en_2215	I heard you lose weight faster if you exercise on an empty stomach, so I tried a new diet: no food, just running. Now my stomach is empty and so is my bank account—turns out, you burn more than fat when you're broke.
en_2216	Troy Parrott tried to stream his breakfast, but the internet couldn't handle the sheer volume of toast.
en_2217	They said the ice sculpture was a real showstopper — until someone sneezed and it vanished in one touch. Turns out, it wasn't just frost flowers, it was a frost *snort*.
en_2218	The Irish fans are so confident about the home final that they’ve already started planning the victory parade, which is awkward because they haven't actually won the game yet.
en_2219	The Amazonian tribe held a sacred food ritual where they offered a feast to the forest spirits, but the ritual was ruined when the spirits refused to eat because they were strictly gluten-free.
en_2220	The needs of ordinary people must be placed at the centre of the world’s agenda — so let's just put everyone else on hold for a bit.
en_2221	The meteorologist was so impressed by the 252 mph winds that he finally admitted the hurricane had technically achieved its goal of becoming a high-speed internet provider.
en_2222	I bought a slow cooker and a hat — turns out, both are one-pot wonders for surviving winter.
en_2223	The governor's move to keep the planes flying despite the leak shows he’s really willing to go the extra mile to keep the state's aviation industry from running on fumes.
en_2224	The best way to avoid Black Friday chaos is to follow all the do’s and don’ts—except for the one that says “don’t panic,” because that’s the only rule you’ll actually remember.
en_2225	Abdul Carter said his suspension was so tough he had to rush through the penalty box—then got disqualified for finishing before the whistle blew.
en_2226	Sir Anthony Hopkins can turn turmoil into energy, which is why his neighbors are constantly terrified by the sheer amount of electricity he generates every time he has a minor domestic dispute.
en_2227	"The art teacher explained that AI is scary territory because it can create a masterpiece in seconds, whereas he still struggles to find the ""scary"" button on his toaster."
en_2228	"Wicked: For Good"" was such a hit—it captured the *second* act perfectly... by splitting it in half like a scene from ""The Matrix."" Critics said it was ""for better and for worse,"" but honestly, I think they just forgot to plug in their Wi-Fi before writing that review."
en_2229	"Europe’s tech sector is moving at lightning speed—so fast, it just skipped breakfast entirely and left the plate spinning. ""Is it fast enough?"" they ask. Well, if it can outrun a croissant, I think we’re safe."
en_2230	After Hoekstra accused Canada of meddling in U.S. politics, he declared that restarting trade talks wouldn't be easy because he refused to negotiate with a country that keeps trying to put maple syrup in the ballot boxes.
en_2231	The town of Affordably was thrilled to be named Britain’s most affordable—until they realized it was a typo and everyone else had already moved out.
en_2232	TSA announces new 'Pay-to-Be-Invalid' program—because if you can’t even bother with proper IDs, how are we supposed to know *you’re* the one causing security problems? Just pay $10 and we’ll pretend you’re a threat for fun.
en_2233	"Nvidia's CEO recently announced they've ""cleared the lofty hurdle"" of analyst expectations. Investors cheered when he jumped over a literal wooden hurdle during earnings calls, then sighed as he tripped and face-planted into a stack of quarterly reports labeled ""AI Bubble 2024."
en_2234	"Waterfall City Junction isn’t just breaking ground—it’s literally falling for its residents. The city planners said, ""We’re raising the bar,"" then proceeded to raise a 20-story waterfall that now doubles as a commute deterrent and an emergency water slide."
en_2235	"Why did the laptop break up with its Black Friday deal? It said, ""You're just not my type—you're too *screen* for me."
en_2236	Joshua finally answered the difficult Paul question after realizing he was fighting a literal Paul shaped like a question mark.
en_2237	I'm not a fan of ultra-processed foods, but I'm an even bigger fan of ultra-unprocessed ones. You know, like unprocessed air. It's light, easy to digest, and has no added sugars or preservatives—just pure, unadulterated nothingness.
en_2238	I tried reconnecting with an old friend by digging up his Facebook profile — turns out he's been living under a tree and hasn't had internet since 2013. I guess we're both still friends, but now we're also both slightly confused.
en_2239	I spent years worrying about the secret list of banned words on the internet, only to realize the real secret is that there is no list, and I've just been yelling at a wall of polite silence.
en_2240	"The remote telescope farm offers ""dark sky packages,"" so you can finally see if that distant star is actually just a misplaced streetlight from your ex's apartment complex."
en_2241	Investors are so nervous about Nvidia's earnings that they're starting to feel like their portfolios are about to experience a total hardware crash.
en_2242	"Why did the WFH employee bring a ladder to the communal garden? To *section* the unit into ""work from home"" and ""eviction zones."
en_2243	"David and Victoria Beckham were in a heated argument with their Cotswolds neighbors over the best way to fold a fitted sheet—turns out, the Beckhams insisted on military precision while the locals just wanted it ""tight enough that you can’t see your toes."
en_2244	I asked the grocery store why my bill was so high, and they said it’s because the prices are on a roll—specifically, a bread roll.
en_2245	The school's curriculum includes lessons on how to properly fold a crane, but students are still confused about why they're being taught this in a building that looks like a library and smells like wet socks.
en_2246	I'm concerned about the new policy of stopping small boats with nets. I mean, what if someone accidentally catches a ghost? We'll have another grave problem on our hands.
en_2247	"So why is ""password123"" a terrible choice? Because it's just begging for a *repass*."
en_2248	During the chaotic COVID response, the government's key players finally decided to take a break—so they announced a two-week lockdown for themselves... and everyone else.
en_2249	Ireland is considering importing more turkeys to ensure there are enough for Christmas, but officials are concerned that the birds may refuse to migrate due to strong Celtic traditions.
en_2250	Why did the Petrolette refuse to wear a helmet? Because she didn't want anyone to think she was *bikini*-topped!
en_2251	Cynthia Erivo's reaction to the paparazzi ambush was so fierce, she started singing 'Thank U, Next' at them in three different languages—turns out, saying no in Spanish, French, and Klingon is way more intimidating than just yelling.
en_2252	"I tried to melt my Kia's fuel tank in the microwave, but apparently the car has a ""do not microwave"" policy."
en_2253	The ambassador said his support was unshakeable—but then China started shaking the economy, and even he had to grab onto a chair.
en_2254	My Secret Santa gave me a gift card for a store that doesn’t exist yet, with an expiration date set to next Tuesday—after they’re supposed to open.
en_2255	The teams were thrilled until they realized the World Cup play-off was just a game of Twister with the UK as the center.
en_2256	"I told my kid we'd get an AI toy for Christmas, so now he's learning how to write his own emails—starting with the subject line ""Dear Santa: Please Unsubscribe."
en_2257	Wales will be hosting Bosnia in a World Cup qualifying play-off semi-final—just don't ask which half they're playing on.
en_2258	"Ireland's national football team has announced they'll be wearing all-green kits for their match against the Czechs—just like the World Cup draw said. The Czech team was less thrilled when they realized ""Czechs"" doesn't mean ""Czech green."
en_2259	"I tried following a recipe for ""everyday cooking,"" but now my kitchen looks like a special occasion — complete with a police lineup and a restraining order for my toaster."
en_2260	Why did Sega’s Master System get so underrated? Because it was *master* at being forgotten—it spent 40 years in its closet, still wearing its original cardboard box, like a toddler who refused to grow up (but with worse graphics).
en_2261	Meta has been ordered to pay €480 million in damages — guess they're really Facebook-ing their way through this one.
en_2262	The experts want you to know that the most common symptom of ADHD is the inability to finish reading the list of symptoms they just told you to read.
en_2263	The principal said it was their worst year yet—floods, fires, and a rogue camel—but at least they didn’t have to deal with any *dromedary drama*.
en_2264	Meta tells young Aussies to grab their data before the social media shutdown—just in case they need it for their next TikTok addiction relapse.
en_2265	The jobs report was so impressive, even the hiring slowdown decided to speed up and take a backseat.
en_2266	Ireland drew the World Cup play-off draw, so now they're just trying to draw the rest of us in—turns out they've got all the moves, but none on the field!
en_2267	The local park ranger finally figured out how close is too close to a hippo: the exact distance at which you stop being a tourist and start being a snack.
en_2268	"I told my insurance company I want to pay more, and they said ""Sure, let's put a premium on your premium!"
en_2269	The government’s response to the pandemic was so delayed that by the time they acted, they weren't just fighting a virus; they were trying to win an Oscar for Best Supporting Pandemic.
en_2270	A coordinated operation across Europe dismantled a smuggling ring—only to find out they’d been shipping replicas, and the real artifacts were still in the museum gift shop.
en_2271	I went to REI's biggest sale of the year to find 51 great deals, but I ended up spending my entire savings on a single pair of boots that let me experience the thrill of being broke in the great outdoors.
en_2272	After twelve years of training the AI to be all-knowing and omnipotent, the godfather is finally leaving Meta to pursue his true passion: being a regular person who can't figure out how to turn on his own toaster.
en_2273	"A plan to revitalise Rathkeale town centre has been launched - apparently someone finally found the ""centre"" of the town and decided to give it a good kickstart."
en_2274	"Erasmus is so eager to have Nienaber back for the Rugby World Cup that he’s already started practicing his ""surprised"" face for when the team actually wins."
en_2275	At the child-free wedding, when a toddler snuck in and started eating cake, the guests all gasped—until they realized the kid was the *only* one having fun.
en_2276	I tried to hammer a flower into submission today. I gave it my best whack, but all I got was a bruised daisy and a very confused bee.
en_2277	I tried to drill into the pumpkin, but it was carved so well, I just ended up pumping out a bunch of seeds and a few startled jack-o'-lanterns.
en_2278	I was building a bookshelf with my laptop and hammer when suddenly it started singing opera—turns out, I'd accidentally designed a musical instrument out of plywood and RAM.
en_2279	I tried to spray my fridge with deodorant, but it turned out the real problem was the expired milk.
en_2280	Why did the gardener get kicked out of the spice rack? He tried to deseed the pepper just to see if it would still give him a kick.
en_2281	Why did my drill laptop explode? Because I tried to power it with a battery that had *drilled* through its own case—turns out, the drill bit was also the USB cable.
en_2282	I tried to spray paint my banana, but it slipped and went down the drain — now I've got a peel of a problem.
en_2283	I went to spray my pumpkin with pesticide, but then I realized—it was already a pumpkin *spray*!
en_2284	I tried to roll up my shirt, but it turned out I was wearing a sweater made entirely of rolling pins.
en_2285	My laptop asked me to wash my hands before using it, so I gave it a spin cycle and now it's just a wet screen with a 504 error.
en_2286	Why did the banana roll out of my cart during the grocery store race? Because it knew I had a *peel* to win!
en_2287	I tried to put a new clothe on the horse to make it look fancy, but every time I tried to shake it, it just turned into a neigh-robe.
en_2288	The barber asked if I wanted a trim, but I told him I couldn't let him measure my hair because I'm currently undercover as a very large, very bald potato.
en_2289	I tried to cut my hair with a chair, but it didn't go well — turns out chairs are pretty bad at giving haircuts.
en_2290	I tried to wash my bicycle, but it turned out I was just giving it a shower—it didn’t need a ride, it needed a rinse!
en_2291	I tried to blend my shoes in the blender, but it turned out they were made of solid leather — now I have a shoe smoothie and no idea how to style it.
en_2292	I tried to move my towel, but it was too dry — it refused to budge unless I gave it a little *shake* of enthusiasm.
en_2293	"I tried using my laptop to spray paint, but I kept getting pop-ups saying ""Do you want to allow this app to make changes?"" I guess it was trying to tell me I wasn't doing it right—it's not like I'm Spraying Excel with a can of Glossy!"
en_2294	I tried to drill into my book, but it turned out to be a self-help guide for woodchucks.
en_2295	I tried to clean my keyboard with a spray, but now I can't tell if I'm typing or just spraying typos everywhere.
en_2296	I tried to measure my happiness by how full my fridge was, but apparently, I'm just a sad person with a lot of expired yogurt.
en_2297	I asked the chicken to help me measure the distance to the farm, but she refused because she didn't want to be an egg-sistent threat to the integrity of the ruler.
en_2298	I told my chair to shake off its responsibilities, but it just sat there, shaking its head.
en_2299	I tried to blend my corn into a smoothie, but it turned out I was just corn-fused.
en_2300	I drilled a hole through my tomato, but I kept hitting the pit— turns out, it was a cherry-sized drill bit all along.
